{"name":"BaseProject","classpathEntries":[{"kind":"binary","path":"C:\\Program Files\\Java\\jdk-11\\lib\\jrt-fs.jar","sourceContainerUrl":"file:/C:/Program%20Files/Java/jdk-11/lib/src.zip","javadocContainerUrl":"https://docs.oracle.com/javase/11/docs/api/","isSystem":true,"isOwn":false,"isTest":false,"isJavaContent":false},{"kind":"binary","path":"C:\\Users\\GMO\\.m2\\repository\\org\\springframework\\boot\\spring-boot-starter-web-services\\2.3.0.RELEASE\\spring-boot-starter-web-services-2.3.0.RELEASE.jar","sourceContainerUrl":"file:/C:/Users/GMO/.m2/repository/org/springframework/boot/spring-boot-starter-web-services/2.3.0.RELEASE/spring-boot-starter-web-services-2.3.0.RELEASE-sources.jar","javadocContainerUrl":"file:/C:/Users/GMO/.m2/repository/org/springframework/boot/spring-boot-starter-web-services/2.3.0.RELEASE/spring-boot-starter-web-services-2.3.0.RELEASE-javadoc.jar","isSystem":false,"isOwn":false,"isTest":false,"isJavaContent":false},{"kind":"binary","path":"C:\\Users\\GMO\\.m2\\repository\\org\\springframework\\boot\\spring-boot-starter-web\\2.3.0.RELEASE\\spring-boot-starter-web-2.3.0.RELEASE.jar","sourceContainerUrl":"file:/C:/Users/GMO/.m2/repository/org/springframework/boot/spring-boot-starter-web/2.3.0.RELEASE/spring-boot-starter-web-2.3.0.RELEASE-sources.jar","javadocContainerUrl":"file:/C:/Users/GMO/.m2/repository/org/springframework/boot/spring-boot-starter-web/2.3.0.RELEASE/spring-boot-starter-web-2.3.0.RELEASE-javadoc.jar","isSystem":false,"isOwn":false,"isTest":false,"isJavaContent":false},{"kind":"binary","path":"C:\\Users\\GMO\\.m2\\repository\\org\\springframework\\boot\\spring-boot-starter-json\\2.3.0.RELEASE\\spring-boot-starter-json-2.3.0.RELEASE.jar","sourceContainerUrl":"file:/C:/Users/GMO/.m2/repository/org/springframework/boot/spring-boot-starter-json/2.3.0.RELEASE/spring-boot-starter-json-2.3.0.RELEASE-sources.jar","javadocContainerUrl":"file:/C:/Users/GMO/.m2/repository/org/springframework/boot/spring-boot-starter-json/2.3.0.RELEASE/spring-boot-starter-json-2.3.0.RELEASE-javadoc.jar","isSystem":false,"isOwn":false,"isTest":false,"isJavaContent":false},{"kind":"binary","path":"C:\\Users\\GMO\\.m2\\repository\\com\\fasterxml\\jackson\\core\\jackson-databind\\2.11.0\\jackson-databind-2.11.0.jar","sourceContainerUrl":"file:/C:/Users/GMO/.m2/repository/com/fasterxml/jackson/core/jackson-databind/2.11.0/jackson-databind-2.11.0-sources.jar","javadocContainerUrl":"file:/C:/Users/GMO/.m2/repository/com/fasterxml/jackson/core/jackson-databind/2.11.0/jackson-databind-2.11.0-javadoc.jar","isSystem":false,"isOwn":false,"isTest":false,"isJavaContent":false},{"kind":"binary","path":"C:\\Users\\GMO\\.m2\\repository\\com\\fasterxml\\jackson\\core\\jackson-core\\2.11.0\\jackson-core-2.11.0.jar","sourceContainerUrl":"file:/C:/Users/GMO/.m2/repository/com/fasterxml/jackson/core/jackson-core/2.11.0/jackson-core-2.11.0-sources.jar","javadocContainerUrl":"file:/C:/Users/GMO/.m2/repository/com/fasterxml/jackson/core/jackson-core/2.11.0/jackson-core-2.11.0-javadoc.jar","isSystem":false,"isOwn":false,"isTest":false,"isJavaContent":false},{"kind":"binary","path":"C:\\Users\\GMO\\.m2\\repository\\com\\fasterxml\\jackson\\datatype\\jackson-datatype-jdk8\\2.11.0\\jackson-datatype-jdk8-2.11.0.jar","sourceContainerUrl":"file:/C:/Users/GMO/.m2/repository/com/fasterxml/jackson/datatype/jackson-datatype-jdk8/2.11.0/jackson-datatype-jdk8-2.11.0-sources.jar","javadocContainerUrl":"file:/C:/Users/GMO/.m2/repository/com/fasterxml/jackson/datatype/jackson-datatype-jdk8/2.11.0/jackson-datatype-jdk8-2.11.0-javadoc.jar","isSystem":false,"isOwn":false,"isTest":false,"isJavaContent":false},{"kind":"binary","path":"C:\\Users\\GMO\\.m2\\repository\\com\\fasterxml\\jackson\\datatype\\jackson-datatype-jsr310\\2.11.0\\jackson-datatype-jsr310-2.11.0.jar","sourceContainerUrl":"file:/C:/Users/GMO/.m2/repository/com/fasterxml/jackson/datatype/jackson-datatype-jsr310/2.11.0/jackson-datatype-jsr310-2.11.0-sources.jar","javadocContainerUrl":"file:/C:/Users/GMO/.m2/repository/com/fasterxml/jackson/datatype/jackson-datatype-jsr310/2.11.0/jackson-datatype-jsr310-2.11.0-javadoc.jar","isSystem":false,"isOwn":false,"isTest":false,"isJavaContent":false},{"kind":"binary","path":"C:\\Users\\GMO\\.m2\\repository\\com\\fasterxml\\jackson\\module\\jackson-module-parameter-names\\2.11.0\\jackson-module-parameter-names-2.11.0.jar","sourceContainerUrl":"file:/C:/Users/GMO/.m2/repository/com/fasterxml/jackson/module/jackson-module-parameter-names/2.11.0/jackson-module-parameter-names-2.11.0-sources.jar","javadocContainerUrl":"file:/C:/Users/GMO/.m2/repository/com/fasterxml/jackson/module/jackson-module-parameter-names/2.11.0/jackson-module-parameter-names-2.11.0-javadoc.jar","isSystem":false,"isOwn":false,"isTest":false,"isJavaContent":false},{"kind":"binary","path":"C:\\Users\\GMO\\.m2\\repository\\org\\springframework\\boot\\spring-boot-starter-tomcat\\2.3.0.RELEASE\\spring-boot-starter-tomcat-2.3.0.RELEASE.jar","sourceContainerUrl":"file:/C:/Users/GMO/.m2/repository/org/springframework/boot/spring-boot-starter-tomcat/2.3.0.RELEASE/spring-boot-starter-tomcat-2.3.0.RELEASE-sources.jar","javadocContainerUrl":"file:/C:/Users/GMO/.m2/repository/org/springframework/boot/spring-boot-starter-tomcat/2.3.0.RELEASE/spring-boot-starter-tomcat-2.3.0.RELEASE-javadoc.jar","isSystem":false,"isOwn":false,"isTest":false,"isJavaContent":false},{"kind":"binary","path":"C:\\Users\\GMO\\.m2\\repository\\org\\apache\\tomcat\\embed\\tomcat-embed-core\\9.0.35\\tomcat-embed-core-9.0.35.jar","sourceContainerUrl":"file:/C:/Users/GMO/.m2/repository/org/apache/tomcat/embed/tomcat-embed-core/9.0.35/tomcat-embed-core-9.0.35-sources.jar","isSystem":false,"isOwn":false,"isTest":false,"isJavaContent":false},{"kind":"binary","path":"C:\\Users\\GMO\\.m2\\repository\\org\\glassfish\\jakarta.el\\3.0.3\\jakarta.el-3.0.3.jar","sourceContainerUrl":"file:/C:/Users/GMO/.m2/repository/org/glassfish/jakarta.el/3.0.3/jakarta.el-3.0.3-sources.jar","javadocContainerUrl":"file:/C:/Users/GMO/.m2/repository/org/glassfish/jakarta.el/3.0.3/jakarta.el-3.0.3-javadoc.jar","isSystem":false,"isOwn":false,"isTest":false,"isJavaContent":false},{"kind":"binary","path":"C:\\Users\\GMO\\.m2\\repository\\org\\apache\\tomcat\\embed\\tomcat-embed-websocket\\9.0.35\\tomcat-embed-websocket-9.0.35.jar","sourceContainerUrl":"file:/C:/Users/GMO/.m2/repository/org/apache/tomcat/embed/tomcat-embed-websocket/9.0.35/tomcat-embed-websocket-9.0.35-sources.jar","isSystem":false,"isOwn":false,"isTest":false,"isJavaContent":false},{"kind":"binary","path":"C:\\Users\\GMO\\.m2\\repository\\org\\springframework\\spring-web\\5.2.6.RELEASE\\spring-web-5.2.6.RELEASE.jar","sourceContainerUrl":"file:/C:/Users/GMO/.m2/repository/org/springframework/spring-web/5.2.6.RELEASE/spring-web-5.2.6.RELEASE-sources.jar","javadocContainerUrl":"file:/C:/Users/GMO/.m2/repository/org/springframework/spring-web/5.2.6.RELEASE/spring-web-5.2.6.RELEASE-javadoc.jar","isSystem":false,"isOwn":false,"isTest":false,"isJavaContent":false},{"kind":"binary","path":"C:\\Users\\GMO\\.m2\\repository\\org\\springframework\\spring-webmvc\\5.2.6.RELEASE\\spring-webmvc-5.2.6.RELEASE.jar","sourceContainerUrl":"file:/C:/Users/GMO/.m2/repository/org/springframework/spring-webmvc/5.2.6.RELEASE/spring-webmvc-5.2.6.RELEASE-sources.jar","javadocContainerUrl":"file:/C:/Users/GMO/.m2/repository/org/springframework/spring-webmvc/5.2.6.RELEASE/spring-webmvc-5.2.6.RELEASE-javadoc.jar","isSystem":false,"isOwn":false,"isTest":false,"isJavaContent":false},{"kind":"binary","path":"C:\\Users\\GMO\\.m2\\repository\\org\\springframework\\spring-expression\\5.2.6.RELEASE\\spring-expression-5.2.6.RELEASE.jar","sourceContainerUrl":"file:/C:/Users/GMO/.m2/repository/org/springframework/spring-expression/5.2.6.RELEASE/spring-expression-5.2.6.RELEASE-sources.jar","javadocContainerUrl":"file:/C:/Users/GMO/.m2/repository/org/springframework/spring-expression/5.2.6.RELEASE/spring-expression-5.2.6.RELEASE-javadoc.jar","isSystem":false,"isOwn":false,"isTest":false,"isJavaContent":false},{"kind":"binary","path":"C:\\Users\\GMO\\.m2\\repository\\com\\sun\\xml\\messaging\\saaj\\saaj-impl\\1.5.2\\saaj-impl-1.5.2.jar","sourceContainerUrl":"file:/C:/Users/GMO/.m2/repository/com/sun/xml/messaging/saaj/saaj-impl/1.5.2/saaj-impl-1.5.2-sources.jar","javadocContainerUrl":"file:/C:/Users/GMO/.m2/repository/com/sun/xml/messaging/saaj/saaj-impl/1.5.2/saaj-impl-1.5.2-javadoc.jar","isSystem":false,"isOwn":false,"isTest":false,"isJavaContent":false},{"kind":"binary","path":"C:\\Users\\GMO\\.m2\\repository\\jakarta\\xml\\soap\\jakarta.xml.soap-api\\1.4.2\\jakarta.xml.soap-api-1.4.2.jar","sourceContainerUrl":"file:/C:/Users/GMO/.m2/repository/jakarta/xml/soap/jakarta.xml.soap-api/1.4.2/jakarta.xml.soap-api-1.4.2-sources.jar","javadocContainerUrl":"file:/C:/Users/GMO/.m2/repository/jakarta/xml/soap/jakarta.xml.soap-api/1.4.2/jakarta.xml.soap-api-1.4.2-javadoc.jar","isSystem":false,"isOwn":false,"isTest":false,"isJavaContent":false},{"kind":"binary","path":"C:\\Users\\GMO\\.m2\\repository\\org\\jvnet\\staxex\\stax-ex\\1.8.3\\stax-ex-1.8.3.jar","sourceContainerUrl":"file:/C:/Users/GMO/.m2/repository/org/jvnet/staxex/stax-ex/1.8.3/stax-ex-1.8.3-sources.jar","javadocContainerUrl":"file:/C:/Users/GMO/.m2/repository/org/jvnet/staxex/stax-ex/1.8.3/stax-ex-1.8.3-javadoc.jar","isSystem":false,"isOwn":false,"isTest":false,"isJavaContent":false},{"kind":"binary","path":"C:\\Users\\GMO\\.m2\\repository\\com\\sun\\activation\\jakarta.activation\\1.2.2\\jakarta.activation-1.2.2.jar","sourceContainerUrl":"file:/C:/Users/GMO/.m2/repository/com/sun/activation/jakarta.activation/1.2.2/jakarta.activation-1.2.2-sources.jar","javadocContainerUrl":"file:/C:/Users/GMO/.m2/repository/com/sun/activation/jakarta.activation/1.2.2/jakarta.activation-1.2.2-javadoc.jar","isSystem":false,"isOwn":false,"isTest":false,"isJavaContent":false},{"kind":"binary","path":"C:\\Users\\GMO\\.m2\\repository\\jakarta\\xml\\ws\\jakarta.xml.ws-api\\2.3.3\\jakarta.xml.ws-api-2.3.3.jar","sourceContainerUrl":"file:/C:/Users/GMO/.m2/repository/jakarta/xml/ws/jakarta.xml.ws-api/2.3.3/jakarta.xml.ws-api-2.3.3-sources.jar","javadocContainerUrl":"file:/C:/Users/GMO/.m2/repository/jakarta/xml/ws/jakarta.xml.ws-api/2.3.3/jakarta.xml.ws-api-2.3.3-javadoc.jar","isSystem":false,"isOwn":false,"isTest":false,"isJavaContent":false},{"kind":"binary","path":"C:\\Users\\GMO\\.m2\\repository\\jakarta\\xml\\bind\\jakarta.xml.bind-api\\2.3.3\\jakarta.xml.bind-api-2.3.3.jar","sourceContainerUrl":"file:/C:/Users/GMO/.m2/repository/jakarta/xml/bind/jakarta.xml.bind-api/2.3.3/jakarta.xml.bind-api-2.3.3-sources.jar","javadocContainerUrl":"file:/C:/Users/GMO/.m2/repository/jakarta/xml/bind/jakarta.xml.bind-api/2.3.3/jakarta.xml.bind-api-2.3.3-javadoc.jar","isSystem":false,"isOwn":false,"isTest":false,"isJavaContent":false},{"kind":"binary","path":"C:\\Users\\GMO\\.m2\\repository\\jakarta\\jws\\jakarta.jws-api\\2.1.0\\jakarta.jws-api-2.1.0.jar","sourceContainerUrl":"file:/C:/Users/GMO/.m2/repository/jakarta/jws/jakarta.jws-api/2.1.0/jakarta.jws-api-2.1.0-sources.jar","javadocContainerUrl":"file:/C:/Users/GMO/.m2/repository/jakarta/jws/jakarta.jws-api/2.1.0/jakarta.jws-api-2.1.0-javadoc.jar","isSystem":false,"isOwn":false,"isTest":false,"isJavaContent":false},{"kind":"binary","path":"C:\\Users\\GMO\\.m2\\repository\\org\\springframework\\spring-oxm\\5.2.6.RELEASE\\spring-oxm-5.2.6.RELEASE.jar","sourceContainerUrl":"file:/C:/Users/GMO/.m2/repository/org/springframework/spring-oxm/5.2.6.RELEASE/spring-oxm-5.2.6.RELEASE-sources.jar","javadocContainerUrl":"file:/C:/Users/GMO/.m2/repository/org/springframework/spring-oxm/5.2.6.RELEASE/spring-oxm-5.2.6.RELEASE-javadoc.jar","isSystem":false,"isOwn":false,"isTest":false,"isJavaContent":false},{"kind":"binary","path":"C:\\Users\\GMO\\.m2\\repository\\org\\springframework\\spring-beans\\5.2.6.RELEASE\\spring-beans-5.2.6.RELEASE.jar","sourceContainerUrl":"file:/C:/Users/GMO/.m2/repository/org/springframework/spring-beans/5.2.6.RELEASE/spring-beans-5.2.6.RELEASE-sources.jar","javadocContainerUrl":"file:/C:/Users/GMO/.m2/repository/org/springframework/spring-beans/5.2.6.RELEASE/spring-beans-5.2.6.RELEASE-javadoc.jar","isSystem":false,"isOwn":false,"isTest":false,"isJavaContent":false},{"kind":"binary","path":"C:\\Users\\GMO\\.m2\\repository\\org\\springframework\\spring-core\\5.2.6.RELEASE\\spring-core-5.2.6.RELEASE.jar","sourceContainerUrl":"file:/C:/Users/GMO/.m2/repository/org/springframework/spring-core/5.2.6.RELEASE/spring-core-5.2.6.RELEASE-sources.jar","javadocContainerUrl":"file:/C:/Users/GMO/.m2/repository/org/springframework/spring-core/5.2.6.RELEASE/spring-core-5.2.6.RELEASE-javadoc.jar","isSystem":false,"isOwn":false,"isTest":false,"isJavaContent":false},{"kind":"binary","path":"C:\\Users\\GMO\\.m2\\repository\\org\\springframework\\spring-jcl\\5.2.6.RELEASE\\spring-jcl-5.2.6.RELEASE.jar","sourceContainerUrl":"file:/C:/Users/GMO/.m2/repository/org/springframework/spring-jcl/5.2.6.RELEASE/spring-jcl-5.2.6.RELEASE-sources.jar","javadocContainerUrl":"file:/C:/Users/GMO/.m2/repository/org/springframework/spring-jcl/5.2.6.RELEASE/spring-jcl-5.2.6.RELEASE-javadoc.jar","isSystem":false,"isOwn":false,"isTest":false,"isJavaContent":false},{"kind":"binary","path":"C:\\Users\\GMO\\.m2\\repository\\org\\springframework\\ws\\spring-ws-core\\3.0.9.RELEASE\\spring-ws-core-3.0.9.RELEASE.jar","sourceContainerUrl":"file:/C:/Users/GMO/.m2/repository/org/springframework/ws/spring-ws-core/3.0.9.RELEASE/spring-ws-core-3.0.9.RELEASE-sources.jar","javadocContainerUrl":"file:/C:/Users/GMO/.m2/repository/org/springframework/ws/spring-ws-core/3.0.9.RELEASE/spring-ws-core-3.0.9.RELEASE-javadoc.jar","isSystem":false,"isOwn":false,"isTest":false,"isJavaContent":false},{"kind":"binary","path":"C:\\Users\\GMO\\.m2\\repository\\org\\springframework\\ws\\spring-xml\\3.0.9.RELEASE\\spring-xml-3.0.9.RELEASE.jar","sourceContainerUrl":"file:/C:/Users/GMO/.m2/repository/org/springframework/ws/spring-xml/3.0.9.RELEASE/spring-xml-3.0.9.RELEASE-sources.jar","javadocContainerUrl":"file:/C:/Users/GMO/.m2/repository/org/springframework/ws/spring-xml/3.0.9.RELEASE/spring-xml-3.0.9.RELEASE-javadoc.jar","isSystem":false,"isOwn":false,"isTest":false,"isJavaContent":false},{"kind":"binary","path":"C:\\Users\\GMO\\.m2\\repository\\org\\springframework\\spring-aop\\5.2.6.RELEASE\\spring-aop-5.2.6.RELEASE.jar","sourceContainerUrl":"file:/C:/Users/GMO/.m2/repository/org/springframework/spring-aop/5.2.6.RELEASE/spring-aop-5.2.6.RELEASE-sources.jar","javadocContainerUrl":"file:/C:/Users/GMO/.m2/repository/org/springframework/spring-aop/5.2.6.RELEASE/spring-aop-5.2.6.RELEASE-javadoc.jar","isSystem":false,"isOwn":false,"isTest":false,"isJavaContent":false},{"kind":"binary","path":"C:\\Users\\GMO\\.m2\\repository\\org\\springframework\\boot\\spring-boot-starter-data-jpa\\2.3.0.RELEASE\\spring-boot-starter-data-jpa-2.3.0.RELEASE.jar","sourceContainerUrl":"file:/C:/Users/GMO/.m2/repository/org/springframework/boot/spring-boot-starter-data-jpa/2.3.0.RELEASE/spring-boot-starter-data-jpa-2.3.0.RELEASE-sources.jar","javadocContainerUrl":"file:/C:/Users/GMO/.m2/repository/org/springframework/boot/spring-boot-starter-data-jpa/2.3.0.RELEASE/spring-boot-starter-data-jpa-2.3.0.RELEASE-javadoc.jar","isSystem":false,"isOwn":false,"isTest":false,"isJavaContent":false},{"kind":"binary","path":"C:\\Users\\GMO\\.m2\\repository\\org\\springframework\\boot\\spring-boot-starter-aop\\2.3.0.RELEASE\\spring-boot-starter-aop-2.3.0.RELEASE.jar","sourceContainerUrl":"file:/C:/Users/GMO/.m2/repository/org/springframework/boot/spring-boot-starter-aop/2.3.0.RELEASE/spring-boot-starter-aop-2.3.0.RELEASE-sources.jar","javadocContainerUrl":"file:/C:/Users/GMO/.m2/repository/org/springframework/boot/spring-boot-starter-aop/2.3.0.RELEASE/spring-boot-starter-aop-2.3.0.RELEASE-javadoc.jar","isSystem":false,"isOwn":false,"isTest":false,"isJavaContent":false},{"kind":"binary","path":"C:\\Users\\GMO\\.m2\\repository\\org\\aspectj\\aspectjweaver\\1.9.5\\aspectjweaver-1.9.5.jar","sourceContainerUrl":"file:/C:/Users/GMO/.m2/repository/org/aspectj/aspectjweaver/1.9.5/aspectjweaver-1.9.5-sources.jar","javadocContainerUrl":"file:/C:/Users/GMO/.m2/repository/org/aspectj/aspectjweaver/1.9.5/aspectjweaver-1.9.5-javadoc.jar","isSystem":false,"isOwn":false,"isTest":false,"isJavaContent":false},{"kind":"binary","path":"C:\\Users\\GMO\\.m2\\repository\\org\\springframework\\boot\\spring-boot-starter-jdbc\\2.3.0.RELEASE\\spring-boot-starter-jdbc-2.3.0.RELEASE.jar","sourceContainerUrl":"file:/C:/Users/GMO/.m2/repository/org/springframework/boot/spring-boot-starter-jdbc/2.3.0.RELEASE/spring-boot-starter-jdbc-2.3.0.RELEASE-sources.jar","javadocContainerUrl":"file:/C:/Users/GMO/.m2/repository/org/springframework/boot/spring-boot-starter-jdbc/2.3.0.RELEASE/spring-boot-starter-jdbc-2.3.0.RELEASE-javadoc.jar","isSystem":false,"isOwn":false,"isTest":false,"isJavaContent":false},{"kind":"binary","path":"C:\\Users\\GMO\\.m2\\repository\\com\\zaxxer\\HikariCP\\3.4.5\\HikariCP-3.4.5.jar","sourceContainerUrl":"file:/C:/Users/GMO/.m2/repository/com/zaxxer/HikariCP/3.4.5/HikariCP-3.4.5-sources.jar","javadocContainerUrl":"file:/C:/Users/GMO/.m2/repository/com/zaxxer/HikariCP/3.4.5/HikariCP-3.4.5-javadoc.jar","isSystem":false,"isOwn":false,"isTest":false,"isJavaContent":false},{"kind":"binary","path":"C:\\Users\\GMO\\.m2\\repository\\org\\springframework\\spring-jdbc\\5.2.6.RELEASE\\spring-jdbc-5.2.6.RELEASE.jar","sourceContainerUrl":"file:/C:/Users/GMO/.m2/repository/org/springframework/spring-jdbc/5.2.6.RELEASE/spring-jdbc-5.2.6.RELEASE-sources.jar","javadocContainerUrl":"file:/C:/Users/GMO/.m2/repository/org/springframework/spring-jdbc/5.2.6.RELEASE/spring-jdbc-5.2.6.RELEASE-javadoc.jar","isSystem":false,"isOwn":false,"isTest":false,"isJavaContent":false},{"kind":"binary","path":"C:\\Users\\GMO\\.m2\\repository\\jakarta\\transaction\\jakarta.transaction-api\\1.3.3\\jakarta.transaction-api-1.3.3.jar","sourceContainerUrl":"file:/C:/Users/GMO/.m2/repository/jakarta/transaction/jakarta.transaction-api/1.3.3/jakarta.transaction-api-1.3.3-sources.jar","javadocContainerUrl":"file:/C:/Users/GMO/.m2/repository/jakarta/transaction/jakarta.transaction-api/1.3.3/jakarta.transaction-api-1.3.3-javadoc.jar","isSystem":false,"isOwn":false,"isTest":false,"isJavaContent":false},{"kind":"binary","path":"C:\\Users\\GMO\\.m2\\repository\\jakarta\\persistence\\jakarta.persistence-api\\2.2.3\\jakarta.persistence-api-2.2.3.jar","sourceContainerUrl":"file:/C:/Users/GMO/.m2/repository/jakarta/persistence/jakarta.persistence-api/2.2.3/jakarta.persistence-api-2.2.3-sources.jar","javadocContainerUrl":"file:/C:/Users/GMO/.m2/repository/jakarta/persistence/jakarta.persistence-api/2.2.3/jakarta.persistence-api-2.2.3-javadoc.jar","isSystem":false,"isOwn":false,"isTest":false,"isJavaContent":false},{"kind":"binary","path":"C:\\Users\\GMO\\.m2\\repository\\org\\hibernate\\hibernate-core\\5.4.15.Final\\hibernate-core-5.4.15.Final.jar","sourceContainerUrl":"file:/C:/Users/GMO/.m2/repository/org/hibernate/hibernate-core/5.4.15.Final/hibernate-core-5.4.15.Final-sources.jar","javadocContainerUrl":"file:/C:/Users/GMO/.m2/repository/org/hibernate/hibernate-core/5.4.15.Final/hibernate-core-5.4.15.Final-javadoc.jar","isSystem":false,"isOwn":false,"isTest":false,"isJavaContent":false},{"kind":"binary","path":"C:\\Users\\GMO\\.m2\\repository\\org\\jboss\\logging\\jboss-logging\\3.4.1.Final\\jboss-logging-3.4.1.Final.jar","sourceContainerUrl":"file:/C:/Users/GMO/.m2/repository/org/jboss/logging/jboss-logging/3.4.1.Final/jboss-logging-3.4.1.Final-sources.jar","javadocContainerUrl":"file:/C:/Users/GMO/.m2/repository/org/jboss/logging/jboss-logging/3.4.1.Final/jboss-logging-3.4.1.Final-javadoc.jar","isSystem":false,"isOwn":false,"isTest":false,"isJavaContent":false},{"kind":"binary","path":"C:\\Users\\GMO\\.m2\\repository\\org\\javassist\\javassist\\3.24.0-GA\\javassist-3.24.0-GA.jar","sourceContainerUrl":"file:/C:/Users/GMO/.m2/repository/org/javassist/javassist/3.24.0-GA/javassist-3.24.0-GA-sources.jar","javadocContainerUrl":"file:/C:/Users/GMO/.m2/repository/org/javassist/javassist/3.24.0-GA/javassist-3.24.0-GA-javadoc.jar","isSystem":false,"isOwn":false,"isTest":false,"isJavaContent":false},{"kind":"binary","path":"C:\\Users\\GMO\\.m2\\repository\\net\\bytebuddy\\byte-buddy\\1.10.10\\byte-buddy-1.10.10.jar","sourceContainerUrl":"file:/C:/Users/GMO/.m2/repository/net/bytebuddy/byte-buddy/1.10.10/byte-buddy-1.10.10-sources.jar","javadocContainerUrl":"file:/C:/Users/GMO/.m2/repository/net/bytebuddy/byte-buddy/1.10.10/byte-buddy-1.10.10-javadoc.jar","isSystem":false,"isOwn":false,"isTest":false,"isJavaContent":false},{"kind":"binary","path":"C:\\Users\\GMO\\.m2\\repository\\antlr\\antlr\\2.7.7\\antlr-2.7.7.jar","isSystem":false,"isOwn":false,"isTest":false,"isJavaContent":false},{"kind":"binary","path":"C:\\Users\\GMO\\.m2\\repository\\org\\jboss\\jandex\\2.1.3.Final\\jandex-2.1.3.Final.jar","sourceContainerUrl":"file:/C:/Users/GMO/.m2/repository/org/jboss/jandex/2.1.3.Final/jandex-2.1.3.Final-sources.jar","isSystem":false,"isOwn":false,"isTest":false,"isJavaContent":false},{"kind":"binary","path":"C:\\Users\\GMO\\.m2\\repository\\org\\dom4j\\dom4j\\2.1.3\\dom4j-2.1.3.jar","sourceContainerUrl":"file:/C:/Users/GMO/.m2/repository/org/dom4j/dom4j/2.1.3/dom4j-2.1.3-sources.jar","javadocContainerUrl":"file:/C:/Users/GMO/.m2/repository/org/dom4j/dom4j/2.1.3/dom4j-2.1.3-javadoc.jar","isSystem":false,"isOwn":false,"isTest":false,"isJavaContent":false},{"kind":"binary","path":"C:\\Users\\GMO\\.m2\\repository\\org\\hibernate\\common\\hibernate-commons-annotations\\5.1.0.Final\\hibernate-commons-annotations-5.1.0.Final.jar","sourceContainerUrl":"file:/C:/Users/GMO/.m2/repository/org/hibernate/common/hibernate-commons-annotations/5.1.0.Final/hibernate-commons-annotations-5.1.0.Final-sources.jar","isSystem":false,"isOwn":false,"isTest":false,"isJavaContent":false},{"kind":"binary","path":"C:\\Users\\GMO\\.m2\\repository\\org\\glassfish\\jaxb\\jaxb-runtime\\2.3.3\\jaxb-runtime-2.3.3.jar","sourceContainerUrl":"file:/C:/Users/GMO/.m2/repository/org/glassfish/jaxb/jaxb-runtime/2.3.3/jaxb-runtime-2.3.3-sources.jar","javadocContainerUrl":"file:/C:/Users/GMO/.m2/repository/org/glassfish/jaxb/jaxb-runtime/2.3.3/jaxb-runtime-2.3.3-javadoc.jar","isSystem":false,"isOwn":false,"isTest":false,"isJavaContent":false},{"kind":"binary","path":"C:\\Users\\GMO\\.m2\\repository\\org\\glassfish\\jaxb\\txw2\\2.3.3\\txw2-2.3.3.jar","sourceContainerUrl":"file:/C:/Users/GMO/.m2/repository/org/glassfish/jaxb/txw2/2.3.3/txw2-2.3.3-sources.jar","javadocContainerUrl":"file:/C:/Users/GMO/.m2/repository/org/glassfish/jaxb/txw2/2.3.3/txw2-2.3.3-javadoc.jar","isSystem":false,"isOwn":false,"isTest":false,"isJavaContent":false},{"kind":"binary","path":"C:\\Users\\GMO\\.m2\\repository\\com\\sun\\istack\\istack-commons-runtime\\3.0.11\\istack-commons-runtime-3.0.11.jar","sourceContainerUrl":"file:/C:/Users/GMO/.m2/repository/com/sun/istack/istack-commons-runtime/3.0.11/istack-commons-runtime-3.0.11-sources.jar","javadocContainerUrl":"file:/C:/Users/GMO/.m2/repository/com/sun/istack/istack-commons-runtime/3.0.11/istack-commons-runtime-3.0.11-javadoc.jar","isSystem":false,"isOwn":false,"isTest":false,"isJavaContent":false},{"kind":"binary","path":"C:\\Users\\GMO\\.m2\\repository\\org\\springframework\\data\\spring-data-jpa\\2.3.0.RELEASE\\spring-data-jpa-2.3.0.RELEASE.jar","sourceContainerUrl":"file:/C:/Users/GMO/.m2/repository/org/springframework/data/spring-data-jpa/2.3.0.RELEASE/spring-data-jpa-2.3.0.RELEASE-sources.jar","javadocContainerUrl":"file:/C:/Users/GMO/.m2/repository/org/springframework/data/spring-data-jpa/2.3.0.RELEASE/spring-data-jpa-2.3.0.RELEASE-javadoc.jar","isSystem":false,"isOwn":false,"isTest":false,"isJavaContent":false},{"kind":"binary","path":"C:\\Users\\GMO\\.m2\\repository\\org\\springframework\\data\\spring-data-commons\\2.3.0.RELEASE\\spring-data-commons-2.3.0.RELEASE.jar","sourceContainerUrl":"file:/C:/Users/GMO/.m2/repository/org/springframework/data/spring-data-commons/2.3.0.RELEASE/spring-data-commons-2.3.0.RELEASE-sources.jar","javadocContainerUrl":"file:/C:/Users/GMO/.m2/repository/org/springframework/data/spring-data-commons/2.3.0.RELEASE/spring-data-commons-2.3.0.RELEASE-javadoc.jar","isSystem":false,"isOwn":false,"isTest":false,"isJavaContent":false},{"kind":"binary","path":"C:\\Users\\GMO\\.m2\\repository\\org\\springframework\\spring-orm\\5.2.6.RELEASE\\spring-orm-5.2.6.RELEASE.jar","sourceContainerUrl":"file:/C:/Users/GMO/.m2/repository/org/springframework/spring-orm/5.2.6.RELEASE/spring-orm-5.2.6.RELEASE-sources.jar","javadocContainerUrl":"file:/C:/Users/GMO/.m2/repository/org/springframework/spring-orm/5.2.6.RELEASE/spring-orm-5.2.6.RELEASE-javadoc.jar","isSystem":false,"isOwn":false,"isTest":false,"isJavaContent":false},{"kind":"binary","path":"C:\\Users\\GMO\\.m2\\repository\\org\\springframework\\spring-context\\5.2.6.RELEASE\\spring-context-5.2.6.RELEASE.jar","sourceContainerUrl":"file:/C:/Users/GMO/.m2/repository/org/springframework/spring-context/5.2.6.RELEASE/spring-context-5.2.6.RELEASE-sources.jar","javadocContainerUrl":"file:/C:/Users/GMO/.m2/repository/org/springframework/spring-context/5.2.6.RELEASE/spring-context-5.2.6.RELEASE-javadoc.jar","isSystem":false,"isOwn":false,"isTest":false,"isJavaContent":false},{"kind":"binary","path":"C:\\Users\\GMO\\.m2\\repository\\org\\springframework\\spring-tx\\5.2.6.RELEASE\\spring-tx-5.2.6.RELEASE.jar","sourceContainerUrl":"file:/C:/Users/GMO/.m2/repository/org/springframework/spring-tx/5.2.6.RELEASE/spring-tx-5.2.6.RELEASE-sources.jar","javadocContainerUrl":"file:/C:/Users/GMO/.m2/repository/org/springframework/spring-tx/5.2.6.RELEASE/spring-tx-5.2.6.RELEASE-javadoc.jar","isSystem":false,"isOwn":false,"isTest":false,"isJavaContent":false},{"kind":"binary","path":"C:\\Users\\GMO\\.m2\\repository\\org\\springframework\\spring-aspects\\5.2.6.RELEASE\\spring-aspects-5.2.6.RELEASE.jar","sourceContainerUrl":"file:/C:/Users/GMO/.m2/repository/org/springframework/spring-aspects/5.2.6.RELEASE/spring-aspects-5.2.6.RELEASE-sources.jar","javadocContainerUrl":"file:/C:/Users/GMO/.m2/repository/org/springframework/spring-aspects/5.2.6.RELEASE/spring-aspects-5.2.6.RELEASE-javadoc.jar","isSystem":false,"isOwn":false,"isTest":false,"isJavaContent":false},{"kind":"binary","path":"C:\\Users\\GMO\\.m2\\repository\\org\\springframework\\boot\\spring-boot-devtools\\2.3.0.RELEASE\\spring-boot-devtools-2.3.0.RELEASE.jar","sourceContainerUrl":"file:/C:/Users/GMO/.m2/repository/org/springframework/boot/spring-boot-devtools/2.3.0.RELEASE/spring-boot-devtools-2.3.0.RELEASE-sources.jar","javadocContainerUrl":"file:/C:/Users/GMO/.m2/repository/org/springframework/boot/spring-boot-devtools/2.3.0.RELEASE/spring-boot-devtools-2.3.0.RELEASE-javadoc.jar","isSystem":false,"isOwn":false,"isTest":false,"isJavaContent":false},{"kind":"binary","path":"C:\\Users\\GMO\\.m2\\repository\\org\\springframework\\boot\\spring-boot\\2.3.0.RELEASE\\spring-boot-2.3.0.RELEASE.jar","sourceContainerUrl":"file:/C:/Users/GMO/.m2/repository/org/springframework/boot/spring-boot/2.3.0.RELEASE/spring-boot-2.3.0.RELEASE-sources.jar","javadocContainerUrl":"file:/C:/Users/GMO/.m2/repository/org/springframework/boot/spring-boot/2.3.0.RELEASE/spring-boot-2.3.0.RELEASE-javadoc.jar","isSystem":false,"isOwn":false,"isTest":false,"isJavaContent":false},{"kind":"binary","path":"C:\\Users\\GMO\\.m2\\repository\\org\\springframework\\boot\\spring-boot-autoconfigure\\2.3.0.RELEASE\\spring-boot-autoconfigure-2.3.0.RELEASE.jar","sourceContainerUrl":"file:/C:/Users/GMO/.m2/repository/org/springframework/boot/spring-boot-autoconfigure/2.3.0.RELEASE/spring-boot-autoconfigure-2.3.0.RELEASE-sources.jar","javadocContainerUrl":"file:/C:/Users/GMO/.m2/repository/org/springframework/boot/spring-boot-autoconfigure/2.3.0.RELEASE/spring-boot-autoconfigure-2.3.0.RELEASE-javadoc.jar","isSystem":false,"isOwn":false,"isTest":false,"isJavaContent":false},{"kind":"binary","path":"C:\\Users\\GMO\\.m2\\repository\\org\\projectlombok\\lombok\\1.18.12\\lombok-1.18.12.jar","sourceContainerUrl":"file:/C:/Users/GMO/.m2/repository/org/projectlombok/lombok/1.18.12/lombok-1.18.12-sources.jar","javadocContainerUrl":"file:/C:/Users/GMO/.m2/repository/org/projectlombok/lombok/1.18.12/lombok-1.18.12-javadoc.jar","isSystem":false,"isOwn":false,"isTest":false,"isJavaContent":false},{"kind":"binary","path":"C:\\Users\\GMO\\.m2\\repository\\org\\apache\\httpcomponents\\httpclient\\4.5.12\\httpclient-4.5.12.jar","sourceContainerUrl":"file:/C:/Users/GMO/.m2/repository/org/apache/httpcomponents/httpclient/4.5.12/httpclient-4.5.12-sources.jar","javadocContainerUrl":"file:/C:/Users/GMO/.m2/repository/org/apache/httpcomponents/httpclient/4.5.12/httpclient-4.5.12-javadoc.jar","isSystem":false,"isOwn":false,"isTest":false,"isJavaContent":false},{"kind":"binary","path":"C:\\Users\\GMO\\.m2\\repository\\org\\apache\\httpcomponents\\httpcore\\4.4.13\\httpcore-4.4.13.jar","sourceContainerUrl":"file:/C:/Users/GMO/.m2/repository/org/apache/httpcomponents/httpcore/4.4.13/httpcore-4.4.13-sources.jar","javadocContainerUrl":"file:/C:/Users/GMO/.m2/repository/org/apache/httpcomponents/httpcore/4.4.13/httpcore-4.4.13-javadoc.jar","isSystem":false,"isOwn":false,"isTest":false,"isJavaContent":false},{"kind":"binary","path":"C:\\Users\\GMO\\.m2\\repository\\commons-codec\\commons-codec\\1.14\\commons-codec-1.14.jar","sourceContainerUrl":"file:/C:/Users/GMO/.m2/repository/commons-codec/commons-codec/1.14/commons-codec-1.14-sources.jar","javadocContainerUrl":"file:/C:/Users/GMO/.m2/repository/commons-codec/commons-codec/1.14/commons-codec-1.14-javadoc.jar","isSystem":false,"isOwn":false,"isTest":false,"isJavaContent":false},{"kind":"binary","path":"C:\\Users\\GMO\\.m2\\repository\\com\\squareup\\okhttp3\\okhttp\\3.14.8\\okhttp-3.14.8.jar","sourceContainerUrl":"file:/C:/Users/GMO/.m2/repository/com/squareup/okhttp3/okhttp/3.14.8/okhttp-3.14.8-sources.jar","javadocContainerUrl":"file:/C:/Users/GMO/.m2/repository/com/squareup/okhttp3/okhttp/3.14.8/okhttp-3.14.8-javadoc.jar","isSystem":false,"isOwn":false,"isTest":false,"isJavaContent":false},{"kind":"binary","path":"C:\\Users\\GMO\\.m2\\repository\\com\\squareup\\okio\\okio\\1.17.2\\okio-1.17.2.jar","sourceContainerUrl":"file:/C:/Users/GMO/.m2/repository/com/squareup/okio/okio/1.17.2/okio-1.17.2-sources.jar","javadocContainerUrl":"file:/C:/Users/GMO/.m2/repository/com/squareup/okio/okio/1.17.2/okio-1.17.2-javadoc.jar","isSystem":false,"isOwn":false,"isTest":false,"isJavaContent":false},{"kind":"binary","path":"C:\\Users\\GMO\\.m2\\repository\\com\\google\\code\\gson\\gson\\2.8.6\\gson-2.8.6.jar","sourceContainerUrl":"file:/C:/Users/GMO/.m2/repository/com/google/code/gson/gson/2.8.6/gson-2.8.6-sources.jar","javadocContainerUrl":"file:/C:/Users/GMO/.m2/repository/com/google/code/gson/gson/2.8.6/gson-2.8.6-javadoc.jar","isSystem":false,"isOwn":false,"isTest":false,"isJavaContent":false},{"kind":"binary","path":"C:\\Users\\GMO\\.m2\\repository\\commons-io\\commons-io\\2.4\\commons-io-2.4.jar","sourceContainerUrl":"file:/C:/Users/GMO/.m2/repository/commons-io/commons-io/2.4/commons-io-2.4-sources.jar","javadocContainerUrl":"file:/C:/Users/GMO/.m2/repository/commons-io/commons-io/2.4/commons-io-2.4-javadoc.jar","isSystem":false,"isOwn":false,"isTest":false,"isJavaContent":false},{"kind":"binary","path":"C:\\Users\\GMO\\.m2\\repository\\log4j\\log4j\\1.2.17\\log4j-1.2.17.jar","sourceContainerUrl":"file:/C:/Users/GMO/.m2/repository/log4j/log4j/1.2.17/log4j-1.2.17-sources.jar","javadocContainerUrl":"file:/C:/Users/GMO/.m2/repository/log4j/log4j/1.2.17/log4j-1.2.17-javadoc.jar","isSystem":false,"isOwn":false,"isTest":false,"isJavaContent":false},{"kind":"binary","path":"C:\\Users\\GMO\\.m2\\repository\\io\\springfox\\springfox-swagger2\\2.9.2\\springfox-swagger2-2.9.2.jar","sourceContainerUrl":"file:/C:/Users/GMO/.m2/repository/io/springfox/springfox-swagger2/2.9.2/springfox-swagger2-2.9.2-sources.jar","javadocContainerUrl":"file:/C:/Users/GMO/.m2/repository/io/springfox/springfox-swagger2/2.9.2/springfox-swagger2-2.9.2-javadoc.jar","isSystem":false,"isOwn":false,"isTest":false,"isJavaContent":false},{"kind":"binary","path":"C:\\Users\\GMO\\.m2\\repository\\io\\swagger\\swagger-annotations\\1.5.20\\swagger-annotations-1.5.20.jar","sourceContainerUrl":"file:/C:/Users/GMO/.m2/repository/io/swagger/swagger-annotations/1.5.20/swagger-annotations-1.5.20-sources.jar","javadocContainerUrl":"file:/C:/Users/GMO/.m2/repository/io/swagger/swagger-annotations/1.5.20/swagger-annotations-1.5.20-javadoc.jar","isSystem":false,"isOwn":false,"isTest":false,"isJavaContent":false},{"kind":"binary","path":"C:\\Users\\GMO\\.m2\\repository\\io\\swagger\\swagger-models\\1.5.20\\swagger-models-1.5.20.jar","sourceContainerUrl":"file:/C:/Users/GMO/.m2/repository/io/swagger/swagger-models/1.5.20/swagger-models-1.5.20-sources.jar","javadocContainerUrl":"file:/C:/Users/GMO/.m2/repository/io/swagger/swagger-models/1.5.20/swagger-models-1.5.20-javadoc.jar","isSystem":false,"isOwn":false,"isTest":false,"isJavaContent":false},{"kind":"binary","path":"C:\\Users\\GMO\\.m2\\repository\\com\\fasterxml\\jackson\\core\\jackson-annotations\\2.11.0\\jackson-annotations-2.11.0.jar","sourceContainerUrl":"file:/C:/Users/GMO/.m2/repository/com/fasterxml/jackson/core/jackson-annotations/2.11.0/jackson-annotations-2.11.0-sources.jar","javadocContainerUrl":"file:/C:/Users/GMO/.m2/repository/com/fasterxml/jackson/core/jackson-annotations/2.11.0/jackson-annotations-2.11.0-javadoc.jar","isSystem":false,"isOwn":false,"isTest":false,"isJavaContent":false},{"kind":"binary","path":"C:\\Users\\GMO\\.m2\\repository\\io\\springfox\\springfox-spi\\2.9.2\\springfox-spi-2.9.2.jar","sourceContainerUrl":"file:/C:/Users/GMO/.m2/repository/io/springfox/springfox-spi/2.9.2/springfox-spi-2.9.2-sources.jar","javadocContainerUrl":"file:/C:/Users/GMO/.m2/repository/io/springfox/springfox-spi/2.9.2/springfox-spi-2.9.2-javadoc.jar","isSystem":false,"isOwn":false,"isTest":false,"isJavaContent":false},{"kind":"binary","path":"C:\\Users\\GMO\\.m2\\repository\\io\\springfox\\springfox-core\\2.9.2\\springfox-core-2.9.2.jar","sourceContainerUrl":"file:/C:/Users/GMO/.m2/repository/io/springfox/springfox-core/2.9.2/springfox-core-2.9.2-sources.jar","javadocContainerUrl":"file:/C:/Users/GMO/.m2/repository/io/springfox/springfox-core/2.9.2/springfox-core-2.9.2-javadoc.jar","isSystem":false,"isOwn":false,"isTest":false,"isJavaContent":false},{"kind":"binary","path":"C:\\Users\\GMO\\.m2\\repository\\io\\springfox\\springfox-schema\\2.9.2\\springfox-schema-2.9.2.jar","sourceContainerUrl":"file:/C:/Users/GMO/.m2/repository/io/springfox/springfox-schema/2.9.2/springfox-schema-2.9.2-sources.jar","javadocContainerUrl":"file:/C:/Users/GMO/.m2/repository/io/springfox/springfox-schema/2.9.2/springfox-schema-2.9.2-javadoc.jar","isSystem":false,"isOwn":false,"isTest":false,"isJavaContent":false},{"kind":"binary","path":"C:\\Users\\GMO\\.m2\\repository\\io\\springfox\\springfox-swagger-common\\2.9.2\\springfox-swagger-common-2.9.2.jar","sourceContainerUrl":"file:/C:/Users/GMO/.m2/repository/io/springfox/springfox-swagger-common/2.9.2/springfox-swagger-common-2.9.2-sources.jar","javadocContainerUrl":"file:/C:/Users/GMO/.m2/repository/io/springfox/springfox-swagger-common/2.9.2/springfox-swagger-common-2.9.2-javadoc.jar","isSystem":false,"isOwn":false,"isTest":false,"isJavaContent":false},{"kind":"binary","path":"C:\\Users\\GMO\\.m2\\repository\\io\\springfox\\springfox-spring-web\\2.9.2\\springfox-spring-web-2.9.2.jar","sourceContainerUrl":"file:/C:/Users/GMO/.m2/repository/io/springfox/springfox-spring-web/2.9.2/springfox-spring-web-2.9.2-sources.jar","javadocContainerUrl":"file:/C:/Users/GMO/.m2/repository/io/springfox/springfox-spring-web/2.9.2/springfox-spring-web-2.9.2-javadoc.jar","isSystem":false,"isOwn":false,"isTest":false,"isJavaContent":false},{"kind":"binary","path":"C:\\Users\\GMO\\.m2\\repository\\com\\google\\guava\\guava\\20.0\\guava-20.0.jar","sourceContainerUrl":"file:/C:/Users/GMO/.m2/repository/com/google/guava/guava/20.0/guava-20.0-sources.jar","javadocContainerUrl":"file:/C:/Users/GMO/.m2/repository/com/google/guava/guava/20.0/guava-20.0-javadoc.jar","isSystem":false,"isOwn":false,"isTest":false,"isJavaContent":false},{"kind":"binary","path":"C:\\Users\\GMO\\.m2\\repository\\com\\fasterxml\\classmate\\1.5.1\\classmate-1.5.1.jar","sourceContainerUrl":"file:/C:/Users/GMO/.m2/repository/com/fasterxml/classmate/1.5.1/classmate-1.5.1-sources.jar","javadocContainerUrl":"file:/C:/Users/GMO/.m2/repository/com/fasterxml/classmate/1.5.1/classmate-1.5.1-javadoc.jar","isSystem":false,"isOwn":false,"isTest":false,"isJavaContent":false},{"kind":"binary","path":"C:\\Users\\GMO\\.m2\\repository\\org\\slf4j\\slf4j-api\\1.7.30\\slf4j-api-1.7.30.jar","sourceContainerUrl":"file:/C:/Users/GMO/.m2/repository/org/slf4j/slf4j-api/1.7.30/slf4j-api-1.7.30-sources.jar","javadocContainerUrl":"file:/C:/Users/GMO/.m2/repository/org/slf4j/slf4j-api/1.7.30/slf4j-api-1.7.30-javadoc.jar","isSystem":false,"isOwn":false,"isTest":false,"isJavaContent":false},{"kind":"binary","path":"C:\\Users\\GMO\\.m2\\repository\\org\\springframework\\plugin\\spring-plugin-core\\1.2.0.RELEASE\\spring-plugin-core-1.2.0.RELEASE.jar","sourceContainerUrl":"file:/C:/Users/GMO/.m2/repository/org/springframework/plugin/spring-plugin-core/1.2.0.RELEASE/spring-plugin-core-1.2.0.RELEASE-sources.jar","javadocContainerUrl":"file:/C:/Users/GMO/.m2/repository/org/springframework/plugin/spring-plugin-core/1.2.0.RELEASE/spring-plugin-core-1.2.0.RELEASE-javadoc.jar","isSystem":false,"isOwn":false,"isTest":false,"isJavaContent":false},{"kind":"binary","path":"C:\\Users\\GMO\\.m2\\repository\\org\\springframework\\plugin\\spring-plugin-metadata\\1.2.0.RELEASE\\spring-plugin-metadata-1.2.0.RELEASE.jar","sourceContainerUrl":"file:/C:/Users/GMO/.m2/repository/org/springframework/plugin/spring-plugin-metadata/1.2.0.RELEASE/spring-plugin-metadata-1.2.0.RELEASE-sources.jar","javadocContainerUrl":"file:/C:/Users/GMO/.m2/repository/org/springframework/plugin/spring-plugin-metadata/1.2.0.RELEASE/spring-plugin-metadata-1.2.0.RELEASE-javadoc.jar","isSystem":false,"isOwn":false,"isTest":false,"isJavaContent":false},{"kind":"binary","path":"C:\\Users\\GMO\\.m2\\repository\\org\\mapstruct\\mapstruct\\1.2.0.Final\\mapstruct-1.2.0.Final.jar","sourceContainerUrl":"file:/C:/Users/GMO/.m2/repository/org/mapstruct/mapstruct/1.2.0.Final/mapstruct-1.2.0.Final-sources.jar","javadocContainerUrl":"file:/C:/Users/GMO/.m2/repository/org/mapstruct/mapstruct/1.2.0.Final/mapstruct-1.2.0.Final-javadoc.jar","isSystem":false,"isOwn":false,"isTest":false,"isJavaContent":false},{"kind":"binary","path":"C:\\Users\\GMO\\.m2\\repository\\io\\springfox\\springfox-swagger-ui\\2.9.2\\springfox-swagger-ui-2.9.2.jar","sourceContainerUrl":"file:/C:/Users/GMO/.m2/repository/io/springfox/springfox-swagger-ui/2.9.2/springfox-swagger-ui-2.9.2-sources.jar","javadocContainerUrl":"file:/C:/Users/GMO/.m2/repository/io/springfox/springfox-swagger-ui/2.9.2/springfox-swagger-ui-2.9.2-javadoc.jar","isSystem":false,"isOwn":false,"isTest":false,"isJavaContent":false},{"kind":"binary","path":"C:\\Users\\GMO\\.m2\\repository\\mysql\\mysql-connector-java\\8.0.20\\mysql-connector-java-8.0.20.jar","sourceContainerUrl":"file:/C:/Users/GMO/.m2/repository/mysql/mysql-connector-java/8.0.20/mysql-connector-java-8.0.20-sources.jar","isSystem":false,"isOwn":false,"isTest":false,"isJavaContent":false},{"kind":"binary","path":"C:\\Users\\GMO\\.m2\\repository\\com\\googlecode\\json-simple\\json-simple\\1.1.1\\json-simple-1.1.1.jar","sourceContainerUrl":"file:/C:/Users/GMO/.m2/repository/com/googlecode/json-simple/json-simple/1.1.1/json-simple-1.1.1-sources.jar","javadocContainerUrl":"file:/C:/Users/GMO/.m2/repository/com/googlecode/json-simple/json-simple/1.1.1/json-simple-1.1.1-javadoc.jar","isSystem":false,"isOwn":false,"isTest":false,"isJavaContent":false},{"kind":"binary","path":"C:\\Users\\GMO\\.m2\\repository\\junit\\junit\\4.13\\junit-4.13.jar","sourceContainerUrl":"file:/C:/Users/GMO/.m2/repository/junit/junit/4.13/junit-4.13-sources.jar","javadocContainerUrl":"file:/C:/Users/GMO/.m2/repository/junit/junit/4.13/junit-4.13-javadoc.jar","isSystem":false,"isOwn":false,"isTest":false,"isJavaContent":false},{"kind":"binary","path":"C:\\Users\\GMO\\.m2\\repository\\org\\hamcrest\\hamcrest-core\\2.2\\hamcrest-core-2.2.jar","sourceContainerUrl":"file:/C:/Users/GMO/.m2/repository/org/hamcrest/hamcrest-core/2.2/hamcrest-core-2.2-sources.jar","javadocContainerUrl":"file:/C:/Users/GMO/.m2/repository/org/hamcrest/hamcrest-core/2.2/hamcrest-core-2.2-javadoc.jar","isSystem":false,"isOwn":false,"isTest":false,"isJavaContent":false},{"kind":"binary","path":"C:\\Users\\GMO\\.m2\\repository\\org\\hamcrest\\hamcrest\\2.2\\hamcrest-2.2.jar","sourceContainerUrl":"file:/C:/Users/GMO/.m2/repository/org/hamcrest/hamcrest/2.2/hamcrest-2.2-sources.jar","javadocContainerUrl":"file:/C:/Users/GMO/.m2/repository/org/hamcrest/hamcrest/2.2/hamcrest-2.2-javadoc.jar","isSystem":false,"isOwn":false,"isTest":false,"isJavaContent":false},{"kind":"binary","path":"C:\\Users\\GMO\\.m2\\repository\\com\\opencsv\\opencsv\\4.1\\opencsv-4.1.jar","sourceContainerUrl":"file:/C:/Users/GMO/.m2/repository/com/opencsv/opencsv/4.1/opencsv-4.1-sources.jar","javadocContainerUrl":"file:/C:/Users/GMO/.m2/repository/com/opencsv/opencsv/4.1/opencsv-4.1-javadoc.jar","isSystem":false,"isOwn":false,"isTest":false,"isJavaContent":false},{"kind":"binary","path":"C:\\Users\\GMO\\.m2\\repository\\org\\apache\\commons\\commons-lang3\\3.10\\commons-lang3-3.10.jar","sourceContainerUrl":"file:/C:/Users/GMO/.m2/repository/org/apache/commons/commons-lang3/3.10/commons-lang3-3.10-sources.jar","javadocContainerUrl":"file:/C:/Users/GMO/.m2/repository/org/apache/commons/commons-lang3/3.10/commons-lang3-3.10-javadoc.jar","isSystem":false,"isOwn":false,"isTest":false,"isJavaContent":false},{"kind":"binary","path":"C:\\Users\\GMO\\.m2\\repository\\org\\apache\\commons\\commons-text\\1.1\\commons-text-1.1.jar","sourceContainerUrl":"file:/C:/Users/GMO/.m2/repository/org/apache/commons/commons-text/1.1/commons-text-1.1-sources.jar","javadocContainerUrl":"file:/C:/Users/GMO/.m2/repository/org/apache/commons/commons-text/1.1/commons-text-1.1-javadoc.jar","isSystem":false,"isOwn":false,"isTest":false,"isJavaContent":false},{"kind":"binary","path":"C:\\Users\\GMO\\.m2\\repository\\commons-beanutils\\commons-beanutils\\1.9.3\\commons-beanutils-1.9.3.jar","sourceContainerUrl":"file:/C:/Users/GMO/.m2/repository/commons-beanutils/commons-beanutils/1.9.3/commons-beanutils-1.9.3-sources.jar","javadocContainerUrl":"file:/C:/Users/GMO/.m2/repository/commons-beanutils/commons-beanutils/1.9.3/commons-beanutils-1.9.3-javadoc.jar","isSystem":false,"isOwn":false,"isTest":false,"isJavaContent":false},{"kind":"binary","path":"C:\\Users\\GMO\\.m2\\repository\\commons-logging\\commons-logging\\1.2\\commons-logging-1.2.jar","sourceContainerUrl":"file:/C:/Users/GMO/.m2/repository/commons-logging/commons-logging/1.2/commons-logging-1.2-sources.jar","javadocContainerUrl":"file:/C:/Users/GMO/.m2/repository/commons-logging/commons-logging/1.2/commons-logging-1.2-javadoc.jar","isSystem":false,"isOwn":false,"isTest":false,"isJavaContent":false},{"kind":"binary","path":"C:\\Users\\GMO\\.m2\\repository\\commons-collections\\commons-collections\\3.2.2\\commons-collections-3.2.2.jar","sourceContainerUrl":"file:/C:/Users/GMO/.m2/repository/commons-collections/commons-collections/3.2.2/commons-collections-3.2.2-sources.jar","javadocContainerUrl":"file:/C:/Users/GMO/.m2/repository/commons-collections/commons-collections/3.2.2/commons-collections-3.2.2-javadoc.jar","isSystem":false,"isOwn":false,"isTest":false,"isJavaContent":false},{"kind":"binary","path":"C:\\Users\\GMO\\.m2\\repository\\org\\springframework\\boot\\spring-boot-starter-mail\\2.3.0.RELEASE\\spring-boot-starter-mail-2.3.0.RELEASE.jar","sourceContainerUrl":"file:/C:/Users/GMO/.m2/repository/org/springframework/boot/spring-boot-starter-mail/2.3.0.RELEASE/spring-boot-starter-mail-2.3.0.RELEASE-sources.jar","javadocContainerUrl":"file:/C:/Users/GMO/.m2/repository/org/springframework/boot/spring-boot-starter-mail/2.3.0.RELEASE/spring-boot-starter-mail-2.3.0.RELEASE-javadoc.jar","isSystem":false,"isOwn":false,"isTest":false,"isJavaContent":false},{"kind":"binary","path":"C:\\Users\\GMO\\.m2\\repository\\org\\springframework\\boot\\spring-boot-starter\\2.3.0.RELEASE\\spring-boot-starter-2.3.0.RELEASE.jar","sourceContainerUrl":"file:/C:/Users/GMO/.m2/repository/org/springframework/boot/spring-boot-starter/2.3.0.RELEASE/spring-boot-starter-2.3.0.RELEASE-sources.jar","javadocContainerUrl":"file:/C:/Users/GMO/.m2/repository/org/springframework/boot/spring-boot-starter/2.3.0.RELEASE/spring-boot-starter-2.3.0.RELEASE-javadoc.jar","isSystem":false,"isOwn":false,"isTest":false,"isJavaContent":false},{"kind":"binary","path":"C:\\Users\\GMO\\.m2\\repository\\org\\springframework\\boot\\spring-boot-starter-logging\\2.3.0.RELEASE\\spring-boot-starter-logging-2.3.0.RELEASE.jar","sourceContainerUrl":"file:/C:/Users/GMO/.m2/repository/org/springframework/boot/spring-boot-starter-logging/2.3.0.RELEASE/spring-boot-starter-logging-2.3.0.RELEASE-sources.jar","javadocContainerUrl":"file:/C:/Users/GMO/.m2/repository/org/springframework/boot/spring-boot-starter-logging/2.3.0.RELEASE/spring-boot-starter-logging-2.3.0.RELEASE-javadoc.jar","isSystem":false,"isOwn":false,"isTest":false,"isJavaContent":false},{"kind":"binary","path":"C:\\Users\\GMO\\.m2\\repository\\ch\\qos\\logback\\logback-classic\\1.2.3\\logback-classic-1.2.3.jar","sourceContainerUrl":"file:/C:/Users/GMO/.m2/repository/ch/qos/logback/logback-classic/1.2.3/logback-classic-1.2.3-sources.jar","javadocContainerUrl":"file:/C:/Users/GMO/.m2/repository/ch/qos/logback/logback-classic/1.2.3/logback-classic-1.2.3-javadoc.jar","isSystem":false,"isOwn":false,"isTest":false,"isJavaContent":false},{"kind":"binary","path":"C:\\Users\\GMO\\.m2\\repository\\ch\\qos\\logback\\logback-core\\1.2.3\\logback-core-1.2.3.jar","sourceContainerUrl":"file:/C:/Users/GMO/.m2/repository/ch/qos/logback/logback-core/1.2.3/logback-core-1.2.3-sources.jar","javadocContainerUrl":"file:/C:/Users/GMO/.m2/repository/ch/qos/logback/logback-core/1.2.3/logback-core-1.2.3-javadoc.jar","isSystem":false,"isOwn":false,"isTest":false,"isJavaContent":false},{"kind":"binary","path":"C:\\Users\\GMO\\.m2\\repository\\org\\apache\\logging\\log4j\\log4j-to-slf4j\\2.13.2\\log4j-to-slf4j-2.13.2.jar","sourceContainerUrl":"file:/C:/Users/GMO/.m2/repository/org/apache/logging/log4j/log4j-to-slf4j/2.13.2/log4j-to-slf4j-2.13.2-sources.jar","javadocContainerUrl":"file:/C:/Users/GMO/.m2/repository/org/apache/logging/log4j/log4j-to-slf4j/2.13.2/log4j-to-slf4j-2.13.2-javadoc.jar","isSystem":false,"isOwn":false,"isTest":false,"isJavaContent":false},{"kind":"binary","path":"C:\\Users\\GMO\\.m2\\repository\\org\\apache\\logging\\log4j\\log4j-api\\2.13.2\\log4j-api-2.13.2.jar","sourceContainerUrl":"file:/C:/Users/GMO/.m2/repository/org/apache/logging/log4j/log4j-api/2.13.2/log4j-api-2.13.2-sources.jar","javadocContainerUrl":"file:/C:/Users/GMO/.m2/repository/org/apache/logging/log4j/log4j-api/2.13.2/log4j-api-2.13.2-javadoc.jar","isSystem":false,"isOwn":false,"isTest":false,"isJavaContent":false},{"kind":"binary","path":"C:\\Users\\GMO\\.m2\\repository\\org\\slf4j\\jul-to-slf4j\\1.7.30\\jul-to-slf4j-1.7.30.jar","sourceContainerUrl":"file:/C:/Users/GMO/.m2/repository/org/slf4j/jul-to-slf4j/1.7.30/jul-to-slf4j-1.7.30-sources.jar","javadocContainerUrl":"file:/C:/Users/GMO/.m2/repository/org/slf4j/jul-to-slf4j/1.7.30/jul-to-slf4j-1.7.30-javadoc.jar","isSystem":false,"isOwn":false,"isTest":false,"isJavaContent":false},{"kind":"binary","path":"C:\\Users\\GMO\\.m2\\repository\\jakarta\\annotation\\jakarta.annotation-api\\1.3.5\\jakarta.annotation-api-1.3.5.jar","sourceContainerUrl":"file:/C:/Users/GMO/.m2/repository/jakarta/annotation/jakarta.annotation-api/1.3.5/jakarta.annotation-api-1.3.5-sources.jar","javadocContainerUrl":"file:/C:/Users/GMO/.m2/repository/jakarta/annotation/jakarta.annotation-api/1.3.5/jakarta.annotation-api-1.3.5-javadoc.jar","isSystem":false,"isOwn":false,"isTest":false,"isJavaContent":false},{"kind":"binary","path":"C:\\Users\\GMO\\.m2\\repository\\org\\yaml\\snakeyaml\\1.26\\snakeyaml-1.26.jar","sourceContainerUrl":"file:/C:/Users/GMO/.m2/repository/org/yaml/snakeyaml/1.26/snakeyaml-1.26-sources.jar","javadocContainerUrl":"file:/C:/Users/GMO/.m2/repository/org/yaml/snakeyaml/1.26/snakeyaml-1.26-javadoc.jar","isSystem":false,"isOwn":false,"isTest":false,"isJavaContent":false},{"kind":"binary","path":"C:\\Users\\GMO\\.m2\\repository\\org\\springframework\\spring-context-support\\5.2.6.RELEASE\\spring-context-support-5.2.6.RELEASE.jar","sourceContainerUrl":"file:/C:/Users/GMO/.m2/repository/org/springframework/spring-context-support/5.2.6.RELEASE/spring-context-support-5.2.6.RELEASE-sources.jar","javadocContainerUrl":"file:/C:/Users/GMO/.m2/repository/org/springframework/spring-context-support/5.2.6.RELEASE/spring-context-support-5.2.6.RELEASE-javadoc.jar","isSystem":false,"isOwn":false,"isTest":false,"isJavaContent":false},{"kind":"binary","path":"C:\\Users\\GMO\\.m2\\repository\\com\\sun\\mail\\jakarta.mail\\1.6.5\\jakarta.mail-1.6.5.jar","sourceContainerUrl":"file:/C:/Users/GMO/.m2/repository/com/sun/mail/jakarta.mail/1.6.5/jakarta.mail-1.6.5-sources.jar","javadocContainerUrl":"file:/C:/Users/GMO/.m2/repository/com/sun/mail/jakarta.mail/1.6.5/jakarta.mail-1.6.5-javadoc.jar","isSystem":false,"isOwn":false,"isTest":false,"isJavaContent":false},{"kind":"binary","path":"C:\\Users\\GMO\\.m2\\repository\\org\\freemarker\\freemarker\\2.3.30\\freemarker-2.3.30.jar","sourceContainerUrl":"file:/C:/Users/GMO/.m2/repository/org/freemarker/freemarker/2.3.30/freemarker-2.3.30-sources.jar","javadocContainerUrl":"file:/C:/Users/GMO/.m2/repository/org/freemarker/freemarker/2.3.30/freemarker-2.3.30-javadoc.jar","isSystem":false,"isOwn":false,"isTest":false,"isJavaContent":false},{"kind":"binary","path":"C:\\Users\\GMO\\.m2\\repository\\org\\springframework\\boot\\spring-boot-starter-thymeleaf\\2.3.0.RELEASE\\spring-boot-starter-thymeleaf-2.3.0.RELEASE.jar","sourceContainerUrl":"file:/C:/Users/GMO/.m2/repository/org/springframework/boot/spring-boot-starter-thymeleaf/2.3.0.RELEASE/spring-boot-starter-thymeleaf-2.3.0.RELEASE-sources.jar","javadocContainerUrl":"file:/C:/Users/GMO/.m2/repository/org/springframework/boot/spring-boot-starter-thymeleaf/2.3.0.RELEASE/spring-boot-starter-thymeleaf-2.3.0.RELEASE-javadoc.jar","isSystem":false,"isOwn":false,"isTest":false,"isJavaContent":false},{"kind":"binary","path":"C:\\Users\\GMO\\.m2\\repository\\org\\thymeleaf\\thymeleaf-spring5\\3.0.11.RELEASE\\thymeleaf-spring5-3.0.11.RELEASE.jar","sourceContainerUrl":"file:/C:/Users/GMO/.m2/repository/org/thymeleaf/thymeleaf-spring5/3.0.11.RELEASE/thymeleaf-spring5-3.0.11.RELEASE-sources.jar","javadocContainerUrl":"file:/C:/Users/GMO/.m2/repository/org/thymeleaf/thymeleaf-spring5/3.0.11.RELEASE/thymeleaf-spring5-3.0.11.RELEASE-javadoc.jar","isSystem":false,"isOwn":false,"isTest":false,"isJavaContent":false},{"kind":"binary","path":"C:\\Users\\GMO\\.m2\\repository\\org\\thymeleaf\\thymeleaf\\3.0.11.RELEASE\\thymeleaf-3.0.11.RELEASE.jar","sourceContainerUrl":"file:/C:/Users/GMO/.m2/repository/org/thymeleaf/thymeleaf/3.0.11.RELEASE/thymeleaf-3.0.11.RELEASE-sources.jar","javadocContainerUrl":"file:/C:/Users/GMO/.m2/repository/org/thymeleaf/thymeleaf/3.0.11.RELEASE/thymeleaf-3.0.11.RELEASE-javadoc.jar","isSystem":false,"isOwn":false,"isTest":false,"isJavaContent":false},{"kind":"binary","path":"C:\\Users\\GMO\\.m2\\repository\\org\\attoparser\\attoparser\\2.0.5.RELEASE\\attoparser-2.0.5.RELEASE.jar","sourceContainerUrl":"file:/C:/Users/GMO/.m2/repository/org/attoparser/attoparser/2.0.5.RELEASE/attoparser-2.0.5.RELEASE-sources.jar","javadocContainerUrl":"file:/C:/Users/GMO/.m2/repository/org/attoparser/attoparser/2.0.5.RELEASE/attoparser-2.0.5.RELEASE-javadoc.jar","isSystem":false,"isOwn":false,"isTest":false,"isJavaContent":false},{"kind":"binary","path":"C:\\Users\\GMO\\.m2\\repository\\org\\unbescape\\unbescape\\1.1.6.RELEASE\\unbescape-1.1.6.RELEASE.jar","sourceContainerUrl":"file:/C:/Users/GMO/.m2/repository/org/unbescape/unbescape/1.1.6.RELEASE/unbescape-1.1.6.RELEASE-sources.jar","javadocContainerUrl":"file:/C:/Users/GMO/.m2/repository/org/unbescape/unbescape/1.1.6.RELEASE/unbescape-1.1.6.RELEASE-javadoc.jar","isSystem":false,"isOwn":false,"isTest":false,"isJavaContent":false},{"kind":"binary","path":"C:\\Users\\GMO\\.m2\\repository\\org\\thymeleaf\\extras\\thymeleaf-extras-java8time\\3.0.4.RELEASE\\thymeleaf-extras-java8time-3.0.4.RELEASE.jar","sourceContainerUrl":"file:/C:/Users/GMO/.m2/repository/org/thymeleaf/extras/thymeleaf-extras-java8time/3.0.4.RELEASE/thymeleaf-extras-java8time-3.0.4.RELEASE-sources.jar","javadocContainerUrl":"file:/C:/Users/GMO/.m2/repository/org/thymeleaf/extras/thymeleaf-extras-java8time/3.0.4.RELEASE/thymeleaf-extras-java8time-3.0.4.RELEASE-javadoc.jar","isSystem":false,"isOwn":false,"isTest":false,"isJavaContent":false},{"kind":"binary","path":"C:\\Users\\GMO\\.m2\\repository\\org\\mindrot\\jbcrypt\\0.4\\jbcrypt-0.4.jar","sourceContainerUrl":"file:/C:/Users/GMO/.m2/repository/org/mindrot/jbcrypt/0.4/jbcrypt-0.4-sources.jar","javadocContainerUrl":"file:/C:/Users/GMO/.m2/repository/org/mindrot/jbcrypt/0.4/jbcrypt-0.4-javadoc.jar","isSystem":false,"isOwn":false,"isTest":false,"isJavaContent":false},{"kind":"source","path":"E:\\TuanPV\\DoAn\\Code\\BackEnd\\WebShop\\src\\main\\java","outputFolder":"E:\\TuanPV\\DoAn\\Code\\BackEnd\\WebShop\\target\\classes","javadocContainerUrl":"file:/E:/TuanPV/DoAn/Code/BackEnd/WebShop/target/site/apidocs","isSystem":false,"isOwn":true,"isTest":false,"isJavaContent":true},{"kind":"source","path":"E:\\TuanPV\\DoAn\\Code\\BackEnd\\WebShop\\src\\test\\java","outputFolder":"E:\\TuanPV\\DoAn\\Code\\BackEnd\\WebShop\\target\\test-classes","javadocContainerUrl":"file:/E:/TuanPV/DoAn/Code/BackEnd/WebShop/target/site/apidocs","isSystem":false,"isOwn":true,"isTest":true,"isJavaContent":true},{"kind":"source","path":"E:\\TuanPV\\DoAn\\Code\\BackEnd\\WebShop\\src\\main\\resources","outputFolder":"E:\\TuanPV\\DoAn\\Code\\BackEnd\\WebShop\\target\\classes","isSystem":false,"isOwn":true,"isTest":false,"isJavaContent":false},{"kind":"source","path":"E:\\TuanPV\\DoAn\\Code\\BackEnd\\WebShop\\src\\test\\resources","outputFolder":"E:\\TuanPV\\DoAn\\Code\\BackEnd\\WebShop\\target\\test-classes","isSystem":false,"isOwn":true,"isTest":true,"isJavaContent":false},{"kind":"source","path":"E:\\TuanPV\\DoAn\\Code\\BackEnd\\WebShop\\src\\test\\java","outputFolder":"E:\\TuanPV\\DoAn\\Code\\BackEnd\\WebShop\\target\\test-classes","javadocContainerUrl":"file:/E:/TuanPV/DoAn/Code/BackEnd/WebShop/target/site/apidocs","isSystem":false,"isOwn":true,"isTest":false,"isJavaContent":false}]}